index,prediction_1,prediction_2,prediction_3,prediction_4
0,0,0,1,0
1,0,0,0,0
2,1,0,0,0
3,0,0,0,0
4,1,0,1,1
5,0,0,1,1
6,1,0,0,1
7,0,0,1,0
8,1,1,1,0
9,1,0,1,0
10,1,1,0,0
11,0,0,1,0
12,0,0,1,1
13,1,1,0,1
14,1,0,1,0
15,0,0,0,1
16,1,1,0,1
17,0,0,0,1
18,1,1,0,0
19,1,0,1,1
20,1,0,1,0
21,0,1,1,1
22,1,0,0,1
23,0,0,0,0
24,0,1,0,1
25,1,1,1,0
26,0,1,1,0
27,1,1,0,1
28,0,1,0,0
29,1,0,0,1
30,0,0,1,1
31,0,0,1,1
32,0,0,0,0
33,0,1,0,0
34,0,1,0,1
35,1,0,0,1
36,1,1,1,1
37,0,0,0,0
38,1,0,0,0
39,0,0,0,0
40,0,0,1,0
41,0,1,1,0
42,0,1,0,1
43,1,0,0,0
44,1,1,1,1
45,1,0,0,0
46,1,1,0,0
47,0,0,1,0
48,1,0,1,1
49,0,0,1,0
50,0,0,0,0
51,0,1,1,1
52,0,1,0,0
53,1,0,1,1
54,1,1,1,1
55,0,0,1,0
56,0,0,1,0
57,0,1,0,0
58,0,0,0,0
59,0,1,0,0
60,0,0,1,1
61,1,0,1,0
62,1,1,0,1
63,1,1,0,0
64,1,0,0,0
65,1,0,1,0
66,0,1,1,0
67,1,1,0,1
68,0,0,1,0
69,0,0,1,1
70,0,1,0,1
71,1,1,0,0
72,1,1,0,0
73,1,0,1,0
74,1,1,0,0
75,0,0,0,1
76,0,1,0,0
77,1,1,0,1
78,0,0,0,1
79,1,0,0,0
80,0,1,0,0
81,1,1,0,1
82,0,0,1,0
83,1,0,0,1
84,1,1,0,0
85,0,0,1,1
86,1,0,1,1
87,1,1,0,0
88,1,0,1,0
89,0,1,1,1
90,1,0,1,0
91,1,0,1,0
92,0,1,1,0
93,1,1,0,1
94,1,1,1,1
95,1,0,0,1
96,1,0,1,1
97,0,1,1,0
98,1,1,1,1
99,1,0,1,0
100,0,1,1,0
101,0,1,0,0
102,0,0,0,0
103,1,0,1,1
104,0,1,1,1
105,0,0,0,0
106,1,0,0,1
107,0,0,0,1
108,0,1,1,1
109,1,1,0,1
110,1,1,0,1
111,1,0,1,1
112,0,1,0,1
113,1,1,0,0
114,0,0,1,0
115,0,0,1,1
116,1,1,1,0
117,0,1,1,0
118,1,1,0,1
119,1,1,1,0
120,1,0,1,1
121,1,0,1,1
122,1,0,1,0
123,0,1,0,0
124,1,0,1,0
125,0,1,1,1
126,0,1,1,1
127,1,1,1,1
128,0,1,0,0
129,1,0,0,0
130,0,0,0,0
131,0,0,0,1
132,0,0,1,1
133,1,0,0,0
134,1,0,0,1
135,1,1,0,0
136,0,0,1,0
137,0,1,1,1
138,0,1,0,1
139,1,0,1,1
140,1,0,1,0
141,1,1,1,1
142,1,1,0,0
143,1,1,0,1
144,1,1,0,1
145,1,0,1,0
146,1,1,1,1
147,1,0,0,0
148,0,1,1,0
149,1,1,1,0
150,0,1,0,1
151,0,1,1,1
152,1,1,1,1
153,1,1,1,1
154,0,0,0,1
155,0,0,0,0
156,1,1,1,0
157,0,1,0,1
158,0,1,0,0
159,1,0,0,1
160,0,1,0,0
161,1,1,1,1
162,1,0,0,1
163,1,0,0,1
164,1,0,0,0
165,0,1,0,0
166,0,1,0,1
167,1,1,1,1
168,1,0,0,0
169,0,1,0,0
170,0,0,0,0
171,0,1,1,1
172,1,0,0,1
173,1,1,0,0
174,1,0,1,0
175,0,0,1,0
176,0,0,0,1
177,1,1,0,1
178,1,1,1,1
179,1,0,0,1
180,1,1,0,0
181,0,0,1,0
182,0,1,1,1
183,0,1,1,0
184,1,1,1,1
185,1,0,0,1
186,1,1,1,1
187,0,1,0,1
188,1,1,0,1
189,0,1,1,0
190,0,1,1,1
191,0,0,1,0
192,1,1,1,0
193,0,0,0,1
194,0,1,0,0
195,0,1,0,0
196,1,1,1,1
197,1,1,0,1
198,0,1,0,0
199,0,1,1,1
200,1,0,1,1
201,1,0,1,1
202,1,1,1,1
203,1,0,0,1
204,0,1,0,1
205,1,1,1,0
206,1,0,0,1
207,0,1,0,1
208,0,0,1,0
209,0,1,1,1
210,1,0,1,1
211,1,1,0,0
212,0,1,0,0
213,1,0,0,1
214,0,1,0,0
215,1,0,1,1
216,1,1,0,0
217,1,0,0,0
218,0,1,0,1
219,0,0,1,1
220,1,1,0,1
221,1,0,0,1
222,1,1,1,1
223,1,1,0,1
224,1,0,0,1
225,1,1,1,0
226,1,1,0,0
227,1,1,0,1
228,0,0,1,0
229,0,0,1,1
230,0,1,0,0
231,1,1,1,0
232,0,0,1,1
233,0,1,1,1
234,1,0,1,0
235,0,0,1,1
236,0,1,0,1
237,0,1,1,1
238,1,1,0,0
239,1,0,1,0
240,0,1,1,1
241,0,0,0,0
242,1,1,0,0
243,0,0,1,1
244,1,1,0,1
245,0,1,1,1
246,0,1,0,1
247,1,0,1,0
248,1,1,0,1
249,1,0,0,1
250,0,0,0,0
251,1,0,0,0
252,0,0,0,0
253,1,0,0,1
254,0,0,1,0
255,0,0,0,0
256,1,0,1,0
257,0,1,0,0
258,1,0,0,1
259,1,1,0,1
260,0,0,1,1
261,0,0,1,1
262,1,0,1,1
263,0,0,1,0
264,0,0,1,1
265,1,1,1,1
266,0,0,0,1
267,1,0,1,1
268,1,1,1,0
269,1,1,1,1
270,1,0,1,0
271,0,0,0,1
272,0,1,0,0
273,1,0,1,1
274,1,0,1,1
275,1,0,0,0
276,1,0,0,1
277,1,0,1,0
278,1,0,1,0
279,0,1,1,1
280,1,0,0,0
281,1,0,0,0
282,0,0,1,1
283,1,1,0,1
284,1,1,0,0
285,0,0,0,0
286,1,1,1,1
287,1,1,1,0
288,0,1,1,0
289,1,1,1,0
290,0,1,0,0
291,0,1,0,0
292,1,1,1,0
293,0,1,1,0
294,0,1,0,1
295,0,1,0,1
296,0,1,0,1
297,1,1,1,1
298,0,1,0,1
299,0,1,1,0
300,1,0,0,1
301,1,0,1,1
302,1,0,1,0
303,0,0,0,1
304,1,0,0,0
305,0,1,0,0
306,0,0,0,1
307,1,1,1,1
308,0,1,0,1
309,1,1,1,0
310,1,0,1,1
311,1,0,0,1
312,1,0,0,1
313,1,0,1,0
314,1,1,0,0
315,1,0,1,0
316,0,0,0,1
317,1,0,1,1
318,1,1,1,1
319,0,1,0,1
320,0,1,1,1
321,0,1,0,0
322,1,1,1,0
323,0,1,1,1
324,0,0,1,1
325,0,1,1,0
326,0,1,1,0
327,0,0,0,0
328,1,0,0,1
329,0,1,0,0
330,0,0,1,0
331,1,1,0,1
332,1,1,0,0
333,1,1,0,1
334,1,1,1,1
335,1,0,0,0
336,1,0,1,1
337,0,0,1,0
338,0,1,1,0
339,1,0,0,1
340,1,0,1,0
341,1,1,0,1
342,0,1,0,0
343,1,0,1,0
344,0,0,1,1
345,0,1,1,0
346,0,0,1,0
347,0,1,0,1
348,0,1,0,0
349,0,1,1,0
350,0,1,0,0
351,0,1,1,0
352,1,0,1,0
353,0,1,0,0
354,1,1,0,1
355,1,1,0,1
356,0,1,0,0
357,1,0,0,1
358,1,0,1,1
359,0,0,0,1
360,0,1,0,0
361,0,0,1,1
362,1,1,1,0
363,0,1,1,0
364,1,1,0,1
365,1,1,1,1
366,1,0,1,1
367,1,1,0,1
368,0,1,0,1
369,1,0,0,1
370,1,1,1,1
371,0,1,1,1
372,0,1,1,1
373,0,0,1,1
374,0,0,0,1
375,0,0,0,0
376,1,1,1,0
377,0,1,1,1
378,1,0,0,1
379,1,1,1,0
380,0,0,0,1
381,1,0,1,1
382,1,0,1,1
383,0,0,0,0
384,1,0,1,0
385,1,1,0,1
386,1,0,0,1
387,0,0,0,0
388,0,1,0,1
389,1,1,0,0
390,0,1,1,1
391,1,1,0,0
392,1,0,1,1
393,1,0,0,0
394,1,0,0,0
395,1,0,0,1
396,0,1,1,0
397,1,0,1,0
398,1,0,0,0
399,0,1,0,0
400,0,0,1,0
401,1,0,1,1
402,1,1,0,1
403,1,1,0,0
404,0,1,1,1
405,1,0,1,0
406,1,1,1,1
407,0,1,0,1
408,0,1,0,1
409,1,0,0,0
410,0,1,1,1
411,0,0,1,1
412,0,0,1,1
413,1,1,1,0
414,0,1,1,0
415,0,1,0,0
416,1,1,1,1
417,0,0,1,0
418,1,1,1,1
419,0,1,0,0
420,1,1,0,1
421,1,1,0,0
422,0,1,1,1
423,1,0,0,1
424,0,0,0,0
425,1,1,1,0
426,0,1,1,0
427,1,1,1,1
428,1,1,0,1
429,1,0,1,1
430,0,1,1,0
431,0,1,0,1
432,0,0,0,0
433,0,0,1,1
434,1,0,1,0
435,1,1,0,0
436,0,1,1,1
437,1,0,1,1
438,1,1,1,0
439,0,1,1,0
440,1,1,0,1
441,1,1,1,1
442,1,0,1,1
443,1,0,1,0
444,1,0,1,1
445,1,1,0,0
446,1,1,0,0
447,0,0,0,0
448,0,0,0,1
449,1,1,0,0
450,0,0,1,1
451,1,0,1,1
452,1,0,0,0
453,0,0,1,0
454,0,1,1,0
455,1,0,0,1
456,0,1,1,1
457,1,0,1,1
458,0,0,1,0
459,1,1,0,0
460,1,1,0,0
461,1,1,1,0
462,1,0,0,0
463,1,1,0,0
464,1,1,0,1
465,1,1,1,0
466,1,1,0,0
467,0,1,1,0
468,1,1,0,1
469,1,0,0,0
470,1,0,1,1
471,1,1,0,0
472,0,1,1,0
473,0,0,0,0
474,0,1,1,0
475,0,1,0,1
476,0,1,0,1
477,1,0,1,1
478,0,1,1,0
479,0,0,0,1
480,1,0,0,0
481,1,0,1,1
482,0,0,1,1
483,1,1,1,1
484,0,0,1,0
485,0,1,0,0
486,0,0,1,1
487,1,1,0,0
488,1,1,0,1
489,0,0,0,1
490,0,0,0,0
491,0,0,1,0
492,0,0,1,1
493,0,0,0,0
494,1,0,1,1
495,0,1,0,0
496,1,1,1,0
497,0,1,1,0
498,1,1,1,1
499,1,0,1,1
500,0,1,0,0
501,1,0,1,0
502,1,1,0,1
503,0,1,0,1
504,0,1,1,0
505,0,0,1,1
506,0,0,0,0
507,1,0,1,1
508,0,0,0,0
509,1,0,0,1
510,0,1,1,1
511,1,1,1,1
512,1,1,1,0
513,1,1,0,1
514,1,1,0,0
515,0,0,1,1
516,1,0,0,1
517,0,1,0,1
518,1,1,1,1
519,1,0,1,0
520,0,1,0,0
521,0,0,0,0
522,1,0,0,0
523,0,0,0,1
524,1,0,1,1
525,0,0,1,0
526,0,1,1,0
527,1,0,0,0
528,0,0,0,1
529,1,1,1,0
530,1,1,1,0
531,0,1,0,0
532,0,1,1,1
533,1,0,0,0
534,0,1,1,1
535,0,0,0,0
536,1,1,0,0
537,1,0,0,1
538,0,0,0,1
539,0,1,0,0
540,1,1,1,0
541,0,1,0,0
542,1,0,0,1
543,1,1,0,1
544,1,1,0,1
545,1,1,0,1
546,0,1,0,0
547,0,1,0,1
548,0,1,1,1
549,0,0,0,1
550,1,1,1,0
551,0,0,0,1
552,1,1,0,0
553,0,1,0,1
554,1,0,1,1
555,1,0,0,0
556,1,0,0,1
557,1,1,1,0
558,0,0,1,1
559,1,1,1,0
560,1,1,0,1
561,0,1,0,0
562,1,0,1,1
563,1,1,1,1
564,1,0,1,1
565,0,1,1,0
566,1,1,1,1
567,0,1,1,1
568,1,1,0,0
569,0,0,1,0
570,1,1,0,1
571,1,0,1,0
572,1,0,1,1
573,0,1,1,1
574,1,0,1,0
575,0,0,1,0
576,0,1,1,1
577,0,0,0,1
578,0,0,1,1
579,1,1,0,1
580,0,1,0,1
581,1,0,0,0
582,1,1,1,1
583,0,1,1,1
584,0,1,1,1
585,0,1,0,0
586,0,1,0,0
587,0,0,0,1
588,1,1,0,1
589,0,0,1,1
590,0,0,1,1
591,1,0,0,0
592,1,0,0,0
593,1,1,0,1
594,0,1,1,1
595,1,1,0,1
596,1,1,0,1
597,0,0,1,0
598,0,1,0,0
599,1,0,1,1
600,0,1,1,0
601,1,0,0,1
602,1,0,0,1
603,1,0,1,0
604,1,0,0,1
605,1,1,1,1
606,1,1,0,0
607,0,0,1,0
608,1,0,1,0
609,1,1,0,0
610,1,1,0,1
611,0,1,0,0
612,1,0,1,1
613,1,0,1,0
614,0,0,1,1
615,0,0,0,0
616,0,1,1,0
617,1,1,1,1
618,0,0,1,0
619,1,0,0,0
620,0,1,0,1
621,1,0,1,1
622,1,1,0,0
623,1,1,1,1
624,1,1,0,0
625,1,1,0,1
626,0,1,0,1
627,1,1,1,1
628,0,1,1,0
629,0,0,1,0
630,0,0,1,1
631,0,1,0,0
632,1,0,1,0
633,1,1,0,1
634,0,0,1,1
635,0,1,0,0
636,0,0,1,0
637,0,0,1,0
638,0,1,0,1
639,0,1,0,0
640,1,0,0,0
641,1,1,1,0
642,1,0,0,0
643,0,0,1,1
644,0,0,1,1
645,0,0,0,0
646,0,1,1,1
647,1,0,0,1
648,0,0,1,0
649,1,0,0,1
650,1,0,0,1
651,1,0,0,1
652,0,0,1,1
653,0,1,1,1
654,0,1,0,0
655,0,0,1,0
656,0,0,1,1
657,1,1,1,0
658,0,1,0,1
659,0,0,0,1
660,1,0,1,1
661,0,0,0,0
662,1,0,1,0
663,1,0,0,0
664,0,0,0,1
665,1,1,0,1
666,0,1,0,0
667,1,1,1,0
668,1,0,1,1
669,1,0,1,0
670,1,0,1,0
671,0,0,0,0
672,0,0,0,1
673,1,1,0,0
674,0,1,0,1
675,0,1,1,1
676,0,1,0,0
677,0,0,0,1
678,0,1,1,1
679,1,0,1,0
680,1,0,1,1
681,0,1,1,1
682,0,0,0,0
683,1,0,0,1
684,0,1,0,1
685,1,0,0,0
686,1,1,0,0
687,1,0,0,0
688,1,1,1,0
689,0,0,1,0
690,0,1,0,0
691,1,1,1,1
692,1,1,1,1
693,0,0,0,0
694,0,0,0,0
695,1,1,1,1
696,0,1,0,1
697,1,1,1,0
698,0,0,1,0
699,0,1,0,0
700,0,1,1,0
701,1,1,0,0
702,1,1,0,0
703,1,0,0,0
704,0,0,0,0
705,0,1,1,0
706,1,0,0,0
707,0,1,0,0
708,1,0,0,1
709,0,0,1,1
710,1,0,1,1
711,0,1,0,0
712,1,1,1,0
713,0,0,1,1
714,1,1,0,0
715,1,1,0,1
716,0,0,0,1
717,1,1,1,1
718,1,1,1,0
719,0,1,0,0
720,1,0,1,1
721,0,0,0,0
722,0,1,0,0
723,1,1,0,0
724,0,1,1,0
725,1,0,0,1
726,1,0,1,0
727,0,0,0,0
728,0,1,0,1
729,0,0,1,0
730,1,0,0,0
731,0,0,1,0
732,1,1,0,1
733,1,1,0,0
734,1,1,1,0
735,1,0,0,1
736,1,1,0,0
737,0,1,0,0
738,1,0,0,1
739,0,1,0,0
740,1,1,0,0
741,1,1,0,1
742,0,0,0,1
743,1,0,0,0
744,1,1,1,0
745,1,1,1,1
746,1,0,1,0
747,0,1,0,0
748,1,0,1,1
749,0,0,1,0
750,1,0,0,0
751,1,1,0,1
752,0,1,0,0
753,0,1,0,0
754,1,1,1,1
755,0,0,0,1
756,1,0,0,1
757,0,1,0,1
758,1,0,0,0
759,0,0,1,0
760,1,0,1,1
761,1,1,1,0
762,1,0,1,1
763,1,0,1,0
764,1,1,1,1
765,0,1,0,0
766,0,0,1,1
767,0,0,1,1
768,1,0,1,1
769,0,1,0,0
770,0,1,0,0
771,0,0,0,0
772,1,0,1,0
773,0,1,1,0
774,0,1,1,1
775,1,1,0,1
776,0,1,0,0
777,0,0,0,1
778,1,1,1,1
779,1,1,0,0
780,1,1,0,1
781,0,1,1,0
782,0,1,1,1
783,0,1,1,1
784,1,1,0,0
785,0,1,1,1
786,1,1,0,0
787,1,0,1,1
788,1,0,0,0
789,1,1,0,0
790,0,0,0,0
791,0,0,1,0
792,1,0,1,1
793,1,1,0,0
794,0,1,1,1
795,0,1,1,1
796,0,1,0,1
797,0,1,0,0
798,0,0,0,0
799,1,1,0,0
800,1,0,0,0
801,0,1,1,1
802,1,1,1,1
803,1,0,1,1
804,1,0,0,1
805,1,1,0,1
806,0,1,1,1
807,1,1,1,0
808,0,0,0,1
809,1,0,0,1
810,1,1,1,1
811,1,0,0,1
812,0,1,1,1
813,0,0,1,0
814,1,0,1,0
815,1,0,0,1
816,0,1,1,1
817,1,1,1,1
818,0,1,0,0
819,1,0,0,1
820,1,1,0,0
821,0,0,1,1
822,1,0,1,0
823,0,1,1,0
824,1,0,0,1
825,1,0,0,0
826,1,0,0,1
827,1,1,1,1
828,1,0,0,0
829,1,0,1,0
830,0,0,0,0
831,1,1,0,0
832,1,1,0,0
833,0,1,1,1
834,1,1,0,1
835,1,1,0,0
836,1,0,0,0
837,0,0,0,0
838,0,1,0,1
839,1,0,0,0
840,0,0,0,1
841,1,1,0,1
842,1,0,0,0
843,1,1,0,1
844,0,1,0,0
845,1,0,0,1
846,0,0,1,0
847,1,1,1,0
848,0,1,0,1
849,1,0,0,0
850,0,0,1,0
851,0,0,0,1
852,0,1,1,1
853,1,0,0,0
854,0,1,1,1
855,1,0,0,0
856,0,0,0,1
857,1,1,1,0
858,1,1,0,0
859,1,1,1,1
860,1,1,1,0
861,0,0,0,0
862,0,1,1,1
863,0,1,1,0
864,0,1,1,0
865,1,1,0,0
866,1,1,0,0
867,1,0,1,0
868,1,1,1,0
869,0,0,0,1
870,1,0,0,1
871,1,0,1,1
872,0,0,1,1
873,0,0,1,1
874,1,0,1,1
875,1,0,1,0
876,0,1,1,0
877,0,0,1,0
878,1,1,1,0
879,0,1,1,1
880,1,1,0,0
881,0,0,1,1
882,1,1,0,0
883,0,1,0,1
884,0,1,0,0
885,0,1,0,1
886,0,1,0,1
887,0,0,1,1
888,0,1,0,0
889,1,1,0,0
890,0,0,1,1
891,1,1,0,1
892,1,1,1,1
893,0,0,1,1
894,1,0,0,0
895,1,1,0,0
896,1,0,1,1
897,1,1,1,0
898,0,0,1,0
899,0,0,0,1
900,0,1,1,0
901,0,1,0,0
902,1,1,0,0
903,1,0,1,0
904,1,1,1,1
905,0,0,1,0
906,1,0,1,0
907,0,1,1,0
908,0,0,0,0
909,1,0,1,1
910,1,0,0,1
911,0,1,1,0
912,0,0,1,0
913,1,1,1,0
914,1,0,0,0
915,0,1,1,0
916,1,0,0,1
917,1,1,1,0
918,1,0,0,1
919,1,0,0,0
920,1,1,0,1
921,1,1,0,1
922,1,1,0,1
923,0,1,0,0
924,0,0,0,0
925,0,1,0,0
926,1,0,0,0
927,1,1,0,0
928,0,0,0,1
929,0,0,1,1
930,1,1,1,1
931,1,0,1,0
932,0,0,0,0
933,1,0,1,1
934,0,1,1,1
935,1,0,1,0
936,0,0,1,1
937,0,1,1,0
938,0,0,0,0
939,1,0,1,0
940,1,0,1,0
941,0,0,0,1
942,0,0,0,0
943,1,0,1,0
944,1,0,0,1
945,1,1,0,0
946,0,1,0,0
947,1,1,1,1
948,1,0,1,1
949,1,0,0,1
950,0,0,1,1
951,1,0,1,1
952,1,1,1,1
953,1,0,0,0
954,1,0,0,1
955,0,0,0,0
956,1,0,0,1
957,1,0,1,1
958,0,1,0,1
959,0,1,1,0
960,0,0,0,1
961,0,0,0,1
962,1,0,0,1
963,0,0,1,1
964,0,0,0,1
965,1,1,1,0
966,0,1,0,1
967,1,0,1,1
968,1,0,1,1
969,0,1,1,1
970,1,1,0,0
971,1,0,0,0
972,1,0,0,0
973,0,1,0,0
974,1,1,0,1
975,1,1,0,0
976,1,0,0,0
977,0,0,0,0
978,0,0,0,1
979,0,1,0,1
980,0,0,1,1
981,1,0,0,1
982,0,0,1,0
983,1,1,0,0
984,1,1,0,0
985,0,0,1,0
986,0,0,1,0
987,0,0,1,0
988,0,1,1,1
989,0,1,0,1
990,1,1,0,1
991,0,1,1,0
992,0,1,1,1
993,0,0,0,0
994,0,1,0,1
995,1,1,0,0
996,1,1,1,1
997,1,1,1,0
998,1,1,0,1
999,1,1,1,1
1000,1,0,0,0
1001,1,0,0,0
1002,1,1,0,0
1003,1,0,0,0
1004,1,1,0,0
1005,1,0,1,0
1006,0,1,1,1
1007,0,0,1,1
1008,0,0,1,0
1009,0,0,0,0
1010,1,0,0,0
1011,0,1,1,1
1012,1,1,0,0
1013,0,0,1,1
1014,1,1,0,0
1015,1,1,0,1
1016,0,1,0,0
1017,1,1,0,1
1018,1,1,1,1
1019,0,1,1,1
1020,0,1,0,1
1021,0,1,0,0
1022,1,1,1,0
1023,1,0,1,0
1024,1,1,0,0
1025,1,1,1,0
1026,1,0,0,1
1027,0,0,0,1
1028,0,0,0,0
1029,1,0,0,0
1030,0,1,0,0
1031,1,1,1,1
1032,1,1,0,1
1033,1,0,0,0
1034,1,1,0,1
1035,1,0,1,0
1036,1,1,0,0
1037,0,1,0,1
1038,1,1,0,1
1039,0,1,1,1
1040,1,0,1,1
1041,0,1,1,1
1042,1,1,1,0
1043,0,0,0,1
1044,0,1,1,0
1045,0,0,1,0
1046,0,1,1,0
1047,1,1,1,1
1048,0,1,0,0
1049,0,0,1,1
1050,0,1,1,1
1051,1,1,1,1
1052,0,1,0,1
1053,0,0,1,1
1054,1,1,1,0
1055,1,1,1,0
1056,0,1,1,1
1057,0,0,0,1
1058,0,1,1,1
1059,1,1,1,1
1060,1,1,1,0
1061,0,0,0,0
1062,1,0,0,0
1063,1,0,0,0
1064,1,0,0,1
1065,0,0,1,0
1066,0,1,1,0
1067,0,1,1,0
1068,0,0,0,0
1069,1,1,1,1
1070,1,1,0,0
1071,1,1,1,1
1072,1,0,0,1
1073,1,1,1,1
1074,0,1,0,0
1075,0,1,1,1
1076,0,1,1,1
1077,0,1,1,0
1078,0,1,0,1
1079,1,1,0,0
1080,1,1,0,1
1081,0,1,0,1
1082,1,1,1,0
1083,0,0,0,1
1084,0,1,1,1
1085,1,0,1,0
1086,0,0,0,0
1087,0,1,1,0
1088,1,0,0,0
1089,0,0,1,0
1090,1,1,1,1
1091,1,1,0,1
1092,0,0,0,1
1093,1,0,1,0
1094,0,1,1,0
1095,0,0,1,1
1096,0,0,0,1
1097,0,0,1,1
1098,1,1,0,0
1099,0,1,1,1
1100,0,1,0,0
1101,0,0,1,1
1102,0,0,1,0
1103,1,0,0,0
1104,1,0,1,0
1105,0,0,1,0
1106,1,0,0,1
1107,0,0,0,1
1108,0,1,1,1
1109,0,0,1,1
1110,0,1,0,1
1111,1,1,1,0
1112,0,1,1,1
1113,1,0,0,0
1114,1,1,1,1
1115,1,0,1,0
1116,0,1,0,1
1117,0,1,0,1
1118,0,1,1,1
1119,1,0,0,0
1120,0,0,0,0
1121,0,0,1,0
1122,0,0,1,1
1123,1,0,1,0
1124,0,0,0,1
1125,0,1,0,1
1126,1,1,0,1
1127,0,0,1,0
1128,0,0,0,0
1129,1,0,0,0
1130,0,1,0,1
1131,1,1,0,0
1132,0,1,1,0
1133,1,1,1,1
1134,1,1,1,1
1135,0,0,1,1
1136,1,1,1,1
1137,0,0,1,0
1138,0,1,0,1
1139,0,0,1,0
1140,1,0,0,0
1141,1,1,0,0
1142,1,1,0,0
1143,1,1,0,1
1144,0,0,1,1
1145,0,1,0,1
1146,0,1,0,0
1147,1,1,1,1
1148,0,0,0,1
1149,0,1,0,1
1150,0,1,0,0
1151,0,1,1,0
1152,0,1,1,1
1153,0,0,1,0
1154,1,0,1,1
1155,0,1,1,0
1156,0,1,0,1
1157,1,0,0,0
1158,0,1,1,1
1159,0,0,1,1
1160,1,1,0,1
1161,1,0,1,0
1162,1,1,0,1
1163,0,0,0,1
1164,0,0,0,0
1165,0,0,1,0
1166,1,0,1,1
1167,1,0,1,0
1168,0,0,1,1
1169,0,0,1,0
1170,1,0,0,1
1171,0,1,0,1
1172,0,0,1,1
1173,1,0,0,1
1174,1,0,1,0
1175,1,1,0,0
1176,0,1,0,0
1177,0,1,1,1
1178,1,0,0,1
1179,1,1,1,0
1180,1,0,1,1
1181,0,1,0,0
1182,1,1,0,0
1183,1,0,1,0
1184,0,1,1,1
1185,1,0,0,0
1186,0,0,1,0
1187,1,0,0,1
1188,0,0,0,1
1189,0,0,1,1
1190,1,1,1,1
1191,0,0,0,0
1192,0,0,1,0
1193,0,0,0,1
1194,0,1,0,1
1195,1,0,1,1
1196,1,0,0,0
1197,0,0,1,0
1198,1,1,0,0
1199,0,0,0,1
1200,1,1,1,0
1201,1,1,0,1
1202,1,1,0,0
1203,1,1,0,0
1204,1,0,1,0
1205,0,1,1,1
1206,1,1,1,0
1207,1,1,0,0
1208,1,1,0,0
1209,0,0,1,1
1210,1,1,0,0
1211,1,0,1,0
1212,1,1,0,0
1213,0,0,1,1
1214,0,1,0,1
1215,1,0,0,1
1216,0,0,0,0
1217,0,1,1,1
1218,1,1,0,0
1219,0,0,0,1
1220,0,1,1,1
1221,0,1,0,0
1222,1,1,1,1
1223,0,0,0,1
1224,0,0,0,0
1225,0,1,0,0
1226,0,1,1,0
1227,0,0,1,0
1228,0,1,0,1
1229,1,0,0,1
1230,1,1,1,0
1231,1,0,1,1
1232,0,0,1,1
1233,1,0,0,0
1234,0,0,1,1
1235,1,1,1,1
1236,0,1,1,1
1237,0,0,1,0
1238,0,0,0,1
1239,0,0,1,1
1240,0,1,1,0
1241,0,0,1,1
1242,0,1,1,1
1243,0,0,1,1
1244,1,0,0,0
1245,1,1,1,1
1246,0,0,1,0
1247,1,1,1,1
1248,0,1,1,0
1249,0,1,1,0
1250,0,1,0,1
1251,1,0,1,0
1252,0,1,1,0
1253,1,1,0,1
1254,0,1,1,1
1255,0,1,0,0
1256,1,0,0,0
1257,1,0,1,0
1258,0,1,1,1
1259,1,0,0,0
1260,0,0,1,1
1261,0,0,1,0
1262,0,1,1,0
1263,0,1,0,1
1264,0,1,0,0
1265,1,1,1,1
1266,0,1,0,0
1267,1,0,0,0
1268,0,1,1,1
1269,0,1,0,0
1270,0,1,1,1
1271,0,0,0,1
1272,0,0,1,0
1273,0,1,1,0
1274,1,1,1,1
1275,0,0,1,0
1276,0,1,0,1
1277,1,1,1,0
1278,0,0,1,1
1279,1,0,1,1
1280,1,1,0,0
1281,1,0,1,1
1282,1,0,1,1
1283,0,0,1,0
1284,1,0,1,1
1285,1,1,0,0
1286,0,1,1,0
1287,1,0,1,1
1288,1,0,0,0
1289,1,0,1,1
1290,0,1,0,1
1291,1,0,0,1
1292,1,1,0,0
1293,0,0,0,0
1294,0,1,1,1
1295,1,0,0,1
1296,1,1,1,1
1297,0,0,1,0
1298,1,0,1,0
1299,0,1,0,1
1300,0,0,1,1
1301,1,1,1,1
1302,1,0,0,1
1303,0,0,1,1
1304,1,0,1,0
1305,0,0,0,0
1306,0,1,1,0
1307,0,0,1,1
1308,1,0,1,1
1309,1,1,1,0
1310,0,1,0,1
1311,0,1,1,1
1312,0,0,1,1
1313,0,1,0,0
1314,1,1,0,0
1315,0,1,0,1
1316,0,1,0,1
1317,1,1,1,1
1318,1,1,1,0
1319,0,1,1,0
1320,1,0,0,1
1321,0,1,1,0
1322,0,0,1,1
1323,0,1,1,1
1324,0,0,0,0
1325,1,1,0,1
1326,0,1,0,0
1327,1,0,0,0
1328,1,1,1,0
1329,1,0,0,1
1330,0,1,0,0
1331,0,1,1,1
1332,1,1,0,1
1333,1,1,1,0
1334,1,0,1,1
1335,1,1,0,0
1336,1,1,1,1
1337,1,1,0,1
1338,1,1,0,0
1339,1,0,1,0
1340,0,0,0,1
1341,0,0,1,1
1342,0,1,1,0
1343,0,0,0,0
1344,0,0,0,0
1345,0,1,0,0
1346,0,1,1,1
1347,0,1,1,1
1348,1,1,0,0
1349,1,0,1,1
1350,1,0,1,1
1351,0,1,0,1
1352,0,1,0,1
1353,0,0,1,0
1354,0,1,1,0
1355,0,0,0,1
1356,1,0,1,0
1357,0,0,1,1
1358,0,1,1,0
1359,1,1,1,1
1360,0,0,0,1
1361,1,0,1,1
1362,1,1,0,0
1363,1,1,0,1
1364,1,0,0,0
1365,1,0,1,1
1366,0,1,1,0
1367,1,0,0,0
1368,0,0,0,1
1369,1,0,1,1
1370,1,0,0,1
1371,0,1,0,1
1372,0,0,1,0
1373,0,0,0,0
1374,1,0,1,0
1375,0,0,0,0
1376,0,1,0,1
1377,0,0,0,0
1378,1,0,0,0
1379,1,1,1,1
1380,0,0,1,0
1381,0,0,1,0
1382,0,1,0,1
1383,0,1,0,1
1384,0,0,0,0
1385,1,0,0,1
1386,0,0,0,0
1387,0,1,1,1
1388,0,0,0,1
1389,1,1,0,0
1390,0,0,1,0
1391,1,1,1,0
1392,0,0,0,0
1393,1,0,1,0
1394,1,0,0,0
1395,0,1,1,0
1396,0,0,0,1
1397,1,0,1,1
1398,1,1,0,0
1399,0,0,0,0
1400,1,0,0,0
1401,1,1,1,0
1402,1,0,0,1
1403,0,0,0,1
1404,0,1,0,0
1405,1,1,0,1
1406,0,0,1,0
1407,1,1,0,1
